Date (GMT),Rate**
Average,113.768014
18-Sep-14,102.75
19-Sep-14,102.7
20-Sep-14,102.6
21-Sep-14,102.965
22-Sep-14,102.965
23-Sep-14,102.75
24-Sep-14,102.7
26-Sep-14,102.7
27-Sep-14,102.765
28-Sep-14,103.21
29-Sep-14,103.205
30-Sep-14,102.7
01-Oct-14,102.7
02-Oct-14,102.65
03-Oct-14,102.5
04-Oct-14,102.5
05-Oct-14,102.5
06-Oct-14,102.5
07-Oct-14,102.5
08-Oct-14,102.5
09-Oct-14,102.475
10-Oct-14,102.85
11-Oct-14,102.795
12-Oct-14,103.105
13-Oct-14,103.115
14-Oct-14,102.8
15-Oct-14,102.8
16-Oct-14,102.835
17-Oct-14,102.95
18-Oct-14,102.9
19-Oct-14,102.875
20-Oct-14,102.875
21-Oct-14,102.875
22-Oct-14,102.875
23-Oct-14,102.77
24-Oct-14,102.95
25-Oct-14,103
26-Oct-14,102.805
27-Oct-14,102.805
28-Oct-14,102.93
29-Oct-14,103.035
30-Oct-14,103.045
31-Oct-14,103.1
01-Nov-14,102.8
02-Nov-14,103.25
03-Nov-14,103.25
04-Nov-14,103.48
05-Nov-14,102.7
06-Nov-14,102.76
07-Nov-14,102.45
08-Nov-14,102.4
09-Nov-14,101.475
10-Nov-14,101.475
11-Nov-14,101.5
12-Nov-14,101.625
13-Nov-14,101.735
14-Nov-14,101.675
15-Nov-14,101.605
16-Nov-14,100.973
17-Nov-14,100.973
18-Nov-14,101.85
19-Nov-14,101.6
20-Nov-14,101.6
21-Nov-14,101.59
22-Nov-14,101.515
23-Nov-14,101.6
24-Nov-14,101.6
25-Nov-14,101.595
26-Nov-14,101.8
27-Nov-14,101.705
28-Nov-14,101.605
29-Nov-14,101.68
30-Nov-14,101.965
01-Dec-14,101.965
02-Dec-14,101.8
03-Dec-14,101.63
04-Dec-14,101.65
05-Dec-14,101.56
06-Dec-14,101.4
07-Dec-14,101.47
08-Dec-14,101.47
09-Dec-14,101.4
10-Dec-14,100.8855
11-Dec-14,100.8585
12-Dec-14,100.5865
13-Dec-14,100.55
14-Dec-14,100.55
15-Dec-14,100.55
16-Dec-14,100.2535
17-Dec-14,100.4265
18-Dec-14,100.466
19-Dec-14,100.5095
20-Dec-14,100.5775
21-Dec-14,99.45
22-Dec-14,99.45
23-Dec-14,100.5975
24-Dec-14,100.53
25-Dec-14,100.5605
26-Dec-14,100.45
27-Dec-14,100.45
28-Dec-14,100.75
29-Dec-14,100.75
30-Dec-14,101.0275
31-Dec-14,100.7
04-Jan-15,100.85
05-Jan-15,100.85
06-Jan-15,100.878
07-Jan-15,100.813
08-Jan-15,100.6465
09-Jan-15,100.7
10-Jan-15,100.688
11-Jan-15,100.7
12-Jan-15,100.7
13-Jan-15,100.7025
14-Jan-15,100.5235
15-Jan-15,100.71
16-Jan-15,100.7315
17-Jan-15,100.651
18-Jan-15,100.7
19-Jan-15,100.7
20-Jan-15,100.6725
21-Jan-15,100.6615
22-Jan-15,100.7385
23-Jan-15,100.7
24-Jan-15,100.65
25-Jan-15,100.2905
26-Jan-15,100.2905
27-Jan-15,100.937
28-Jan-15,100.9
29-Jan-15,100.87
30-Jan-15,101
31-Jan-15,101.075
01-Feb-15,101.1
02-Feb-15,101.1
03-Feb-15,101.358
04-Feb-15,101.1
05-Feb-15,101.5
06-Feb-15,101.1
07-Feb-15,101.15
08-Feb-15,101.15
09-Feb-15,101.15
10-Feb-15,101.15
11-Feb-15,101.1
12-Feb-15,101.318
13-Feb-15,101.35
14-Feb-15,101.45
15-Feb-15,101.35
16-Feb-15,101.35
17-Feb-15,101.425
18-Feb-15,101.4
19-Feb-15,101.505
20-Feb-15,101.7
21-Feb-15,101.7
22-Feb-15,101.7
23-Feb-15,101.7
24-Feb-15,101.715
25-Feb-15,101.795
26-Feb-15,101.85
27-Feb-15,101.91
28-Feb-15,101.85
01-Mar-15,101.85
02-Mar-15,101.85
03-Mar-15,101.93
04-Mar-15,101.94
05-Mar-15,101.95
06-Mar-15,101.85
07-Mar-15,101.8
08-Mar-15,101.875
09-Mar-15,101.875
10-Mar-15,101.9
11-Mar-15,101.92
12-Mar-15,101.85
13-Mar-15,101.75
14-Mar-15,101.85
15-Mar-15,101.85
16-Mar-15,101.85
17-Mar-15,101.8
18-Mar-15,101.9
19-Mar-15,101.8
20-Mar-15,101.875
21-Mar-15,101.9
22-Mar-15,101.9
23-Mar-15,101.9
24-Mar-15,101.825
25-Mar-15,101.955
26-Mar-15,102
27-Mar-15,102
28-Mar-15,101.815
29-Mar-15,101.815
30-Mar-15,101.815
31-Mar-15,101.815
01-Apr-15,101.95
02-Apr-15,101.85
03-Apr-15,101.9
04-Apr-15,101.3595
05-Apr-15,101.9
06-Apr-15,101.9
07-Apr-15,101.915
08-Apr-15,101.95
09-Apr-15,101.91
10-Apr-15,101.865
11-Apr-15,101.925
12-Apr-15,101.9
13-Apr-15,101.9
14-Apr-15,101.9
15-Apr-15,101.65
16-Apr-15,101.95
17-Apr-15,101.6
18-Apr-15,101.85
19-Apr-15,101.85
20-Apr-15,101.85
21-Apr-15,101.9
22-Apr-15,101.675
23-Apr-15,101.65
24-Apr-15,101.7
25-Apr-15,101.8
26-Apr-15,101.85
27-Apr-15,101.85
28-Apr-15,101.9
29-Apr-15,101.9
30-Apr-15,101.85
01-May-15,101.85
02-May-15,101.85
03-May-15,101.875
04-May-15,101.875
05-May-15,101.85
06-May-15,101.85
07-May-15,101.875
08-May-15,101.85
09-May-15,101.85
10-May-15,101.85
11-May-15,101.85
12-May-15,101.9
13-May-15,101.85
14-May-15,101.8
15-May-15,101.91
16-May-15,101.85
17-May-15,101.85
18-May-15,101.85
19-May-15,101.875
20-May-15,101.9
21-May-15,101.925
22-May-15,101.975
23-May-15,102
24-May-15,102
25-May-15,102
26-May-15,101.945
27-May-15,101.9
28-May-15,102
29-May-15,102
30-May-15,102
31-May-15,102.01
01-Jun-15,102.01
02-Jun-15,101.925
03-Jun-15,101.925
04-Jun-15,101.875
05-Jun-15,101.925
06-Jun-15,101.95
07-Jun-15,101.95
08-Jun-15,101.95
09-Jun-15,101.9
10-Jun-15,101.875
11-Jun-15,101.9
12-Jun-15,101.85
13-Jun-15,101.875
14-Jun-15,101.85
15-Jun-15,101.85
16-Jun-15,101.8
17-Jun-15,101.85
18-Jun-15,101.85
19-Jun-15,101.85
20-Jun-15,101.85
21-Jun-15,101.339
22-Jun-15,101.339
23-Jun-15,101.8
24-Jun-15,101.8
25-Jun-15,101.85
26-Jun-15,101.8
27-Jun-15,101.875
28-Jun-15,101.875
29-Jun-15,101.875
30-Jun-15,101.85
01-Jul-15,101.8
02-Jul-15,101.8
03-Jul-15,101.85
04-Jul-15,101.8
05-Jul-15,101.85
06-Jul-15,101.85
07-Jul-15,101.85
08-Jul-15,101.9
09-Jul-15,101.8
10-Jul-15,101.85
11-Jul-15,101.75
12-Jul-15,101.8
13-Jul-15,101.8
14-Jul-15,101.8
15-Jul-15,101.8
16-Jul-15,101.9
17-Jul-15,101.85
18-Jul-15,101.8
19-Jul-15,101.85
20-Jul-15,101.85
21-Jul-15,101.9
22-Jul-15,101.95
23-Jul-15,101.95
24-Jul-15,101.9
25-Jul-15,101.8
26-Jul-15,101.85
27-Jul-15,101.85
28-Jul-15,101.85
29-Jul-15,101.85
30-Jul-15,101.8
31-Jul-15,101.85
01-Aug-15,101.85
02-Aug-15,101.8
03-Aug-15,101.8
04-Aug-15,101.85
05-Aug-15,101.8
06-Aug-15,101.9
07-Aug-15,101.9
08-Aug-15,101.9
09-Aug-15,101.875
10-Aug-15,101.875
11-Aug-15,101.85
12-Aug-15,101.9
13-Aug-15,101.875
14-Aug-15,101.9
15-Aug-15,101.85
16-Aug-15,101.85
17-Aug-15,101.85
18-Aug-15,101.935
19-Aug-15,101.91
20-Aug-15,101.88
21-Aug-15,101.95
22-Aug-15,102.055
23-Aug-15,102.055
24-Aug-15,102.055
25-Aug-15,103.205
26-Aug-15,103.9
27-Aug-15,104.015
28-Aug-15,103.865
29-Aug-15,103.91
30-Aug-15,103.91
31-Aug-15,103.91
01-Sep-15,104.145
02-Sep-15,104.19
03-Sep-15,104.24
04-Sep-15,104.195
05-Sep-15,104.215
06-Sep-15,104.215
07-Sep-15,104.215
08-Sep-15,104.15
09-Sep-15,104.25
10-Sep-15,104.4
11-Sep-15,104.5
12-Sep-15,104.45
13-Sep-15,104.45
14-Sep-15,104.45
15-Sep-15,104.45
16-Sep-15,104.4
17-Sep-15,104.4
18-Sep-15,104.4
19-Sep-15,104.4
20-Sep-15,104.4
21-Sep-15,104.4
22-Sep-15,104.4
23-Sep-15,104.4
24-Sep-15,104.5
25-Sep-15,104.45
26-Sep-15,104.4
27-Sep-15,104.4
28-Sep-15,104.4
29-Sep-15,104.5
30-Sep-15,104.4
01-Oct-15,104.5
02-Oct-15,104.425
03-Oct-15,104.5
04-Oct-15,104.45
05-Oct-15,104.45
06-Oct-15,104.575
07-Oct-15,104.5
08-Oct-15,104.5
09-Oct-15,104.45
10-Oct-15,104.45
11-Oct-15,104.45
12-Oct-15,104.45
13-Oct-15,104.405
14-Oct-15,104.5
15-Oct-15,104.34
16-Oct-15,104.4
17-Oct-15,104.4
18-Oct-15,104.4
19-Oct-15,104.4
20-Oct-15,104.4
21-Oct-15,104.5
22-Oct-15,104.4
23-Oct-15,104.45
24-Oct-15,104.455
25-Oct-15,104.455
26-Oct-15,104.455
27-Oct-15,104.5
28-Oct-15,104.5
29-Oct-15,104.85
30-Oct-15,105.3
31-Oct-15,105.45
01-Nov-15,105.35
02-Nov-15,105.35
03-Nov-15,105.42
04-Nov-15,105.5
05-Nov-15,105.475
06-Nov-15,105.505
07-Nov-15,105.5
08-Nov-15,105.53
09-Nov-15,105.53
10-Nov-15,105.5
11-Nov-15,105.47
12-Nov-15,105.42
13-Nov-15,105.375
14-Nov-15,105.41
15-Nov-15,105.45
16-Nov-15,105.45
17-Nov-15,105.5
18-Nov-15,105.43
19-Nov-15,105.5
20-Nov-15,105.47
21-Nov-15,105.51
22-Nov-15,105.805
23-Nov-15,105.805
24-Nov-15,105.445
25-Nov-15,105.445
26-Nov-15,105.36
27-Nov-15,105.44
28-Nov-15,105.5
29-Nov-15,105.35
30-Nov-15,105.35
01-Dec-15,105.55
02-Dec-15,105.51
03-Dec-15,105.5
04-Dec-15,105.55
05-Dec-15,105.45
06-Dec-15,105.425
07-Dec-15,105.425
08-Dec-15,105.6
09-Dec-15,104.65
10-Dec-15,105.225
11-Dec-15,104
12-Dec-15,104.3
13-Dec-15,104.015
14-Dec-15,104.015
15-Dec-15,104.75
16-Dec-15,104.8
17-Dec-15,104.9
18-Dec-15,104.7
19-Dec-15,104.8
20-Dec-15,104.75
21-Dec-15,104.75
22-Dec-15,104.9
23-Dec-15,104.9
24-Dec-15,104.8
25-Dec-15,104.8
26-Dec-15,104.64
27-Dec-15,104.515
28-Dec-15,104.515
29-Dec-15,104.925
30-Dec-15,104.85
31-Dec-15,104.9
01-Jan-16,104.9
02-Jan-16,105.015
03-Jan-16,105.035
04-Jan-16,105.035
05-Jan-16,104.8
06-Jan-16,104.8
07-Jan-16,104.8
08-Jan-16,104.9
09-Jan-16,104.925
10-Jan-16,104.395
11-Jan-16,104.395
12-Jan-16,104.93
13-Jan-16,104.89
14-Jan-16,104.96
15-Jan-16,104.985
16-Jan-16,104.875
17-Jan-16,104.815
18-Jan-16,104.815
19-Jan-16,104.94
20-Jan-16,104.75
21-Jan-16,104.85
22-Jan-16,104.9
23-Jan-16,104.8
24-Jan-16,105.225
25-Jan-16,105.225
26-Jan-16,104.825
27-Jan-16,106.375
28-Jan-16,104.85
29-Jan-16,104.85
30-Jan-16,104.85
31-Jan-16,105.7
01-Feb-16,105.7
02-Feb-16,104.875
03-Feb-16,104.95
04-Feb-16,104.88
05-Feb-16,104.175
06-Feb-16,104.95
07-Feb-16,105.01
08-Feb-16,105.01
09-Feb-16,104.4
10-Feb-16,104.7
11-Feb-16,104.75
12-Feb-16,104.665
13-Feb-16,104.45
14-Feb-16,104.45
15-Feb-16,104.69
16-Feb-16,104.64
17-Feb-16,104.75
18-Feb-16,104.7
19-Feb-16,104.815
20-Feb-16,104.75
21-Feb-16,104.5
22-Feb-16,104.5
23-Feb-16,104.85
24-Feb-16,104.715
25-Feb-16,104.51
26-Feb-16,104.65
27-Feb-16,104.75
28-Feb-16,105.48
29-Feb-16,105.48
01-Mar-16,104.61
02-Mar-16,104.75
03-Mar-16,104.8
04-Mar-16,104.7
05-Mar-16,104.505
06-Mar-16,104.75
07-Mar-16,104.75
08-Mar-16,104.65
09-Mar-16,104.765
10-Mar-16,104.745
11-Mar-16,104.66
12-Mar-16,104.59
13-Mar-16,104.275
14-Mar-16,104.275
15-Mar-16,104.7
16-Mar-16,104.7
17-Mar-16,104.75
18-Mar-16,104.7
19-Mar-16,104.73
20-Mar-16,104.71
21-Mar-16,104.71
22-Mar-16,104.7
23-Mar-16,104.705
24-Mar-16,104.82
25-Mar-16,104.64
26-Mar-16,104.8
27-Mar-16,104.8
28-Mar-16,104.8
29-Mar-16,104.8
30-Mar-16,104.7
31-Mar-16,104.7
01-Apr-16,104.8
02-Apr-16,104.8
03-Apr-16,104.8
04-Apr-16,104.8
05-Apr-16,104.8
06-Apr-16,104.7
07-Apr-16,104.7
08-Apr-16,104.7
09-Apr-16,104.7
10-Apr-16,104.75
11-Apr-16,104.75
12-Apr-16,104.8
13-Apr-16,104.75
14-Apr-16,104.7
15-Apr-16,104.75
16-Apr-16,104.7
17-Apr-16,104.71
18-Apr-16,104.71
19-Apr-16,104.8
20-Apr-16,104.825
21-Apr-16,104.65
22-Apr-16,104.7
23-Apr-16,104.8
24-Apr-16,104.8
25-Apr-16,104.8
26-Apr-16,104.85
27-Apr-16,104.75
28-Apr-16,104.75
29-Apr-16,104.8
30-Apr-16,104.85
01-May-16,104.8
02-May-16,104.315
03-May-16,104.81
04-May-16,104.795
05-May-16,104.75
06-May-16,104.75
07-May-16,104.7
08-May-16,104.7
09-May-16,104.7
10-May-16,104.7
11-May-16,104.65
12-May-16,104.75
13-May-16,104.7
14-May-16,104.67
15-May-16,104.675
16-May-16,104.675
17-May-16,104.7
18-May-16,104.675
19-May-16,104.75
20-May-16,104.76
21-May-16,104.75
22-May-16,104.7
23-May-16,104.7
24-May-16,104.7
25-May-16,104.755
26-May-16,104.7
27-May-16,104.875
28-May-16,104.7
29-May-16,104.65
30-May-16,104.65
31-May-16,104.825
01-Jun-16,104.85
02-Jun-16,104.75
03-Jun-16,104.65
04-Jun-16,104.7
05-Jun-16,104.75
06-Jun-16,104.75
07-Jun-16,104.55
08-Jun-16,104.65
09-Jun-16,104.5
10-Jun-16,104.375
11-Jun-16,104.11
12-Jun-16,104.1
13-Jun-16,104.1
14-Jun-16,104.5
15-Jun-16,104.66
16-Jun-16,104.55
17-Jun-16,104.6
18-Jun-16,75.375
19-Jun-16,104.53
20-Jun-16,104.53
21-Jun-16,104.71
22-Jun-16,104.75
23-Jun-16,104.71
24-Jun-16,104.8
25-Jun-16,104.8
26-Jun-16,104.135
27-Jun-16,104.135
28-Jun-16,104.75
29-Jun-16,104.65
30-Jun-16,104.75
01-Jul-16,104.75
02-Jul-16,104.6
03-Jul-16,104.58
04-Jul-16,104.58
05-Jul-16,104.725
06-Jul-16,104.75
07-Jul-16,104.75
08-Jul-16,104.7
09-Jul-16,104.7
10-Jul-16,104.86
11-Jul-16,104.86
12-Jul-16,104.875
13-Jul-16,104.8
14-Jul-16,104.8
15-Jul-16,104.875
16-Jul-16,104.7
17-Jul-16,105.81
18-Jul-16,105.81
19-Jul-16,104.785
20-Jul-16,104.865
21-Jul-16,104.81
22-Jul-16,104.8
23-Jul-16,104.8
24-Jul-16,104.8
25-Jul-16,104.8
26-Jul-16,104.8
27-Jul-16,104.75
28-Jul-16,104.85
29-Jul-16,104.85
30-Jul-16,104.9
31-Jul-16,104.235
01-Aug-16,104.235
02-Aug-16,104.8
03-Aug-16,104.75
04-Aug-16,104.57
05-Aug-16,104.45
06-Aug-16,104.57
07-Aug-16,104.575
08-Aug-16,104.575
09-Aug-16,104.605
10-Aug-16,104.6
11-Aug-16,104.6
12-Aug-16,104.6
13-Aug-16,104.71
14-Aug-16,104.535
15-Aug-16,104.535
16-Aug-16,104.7
17-Aug-16,104.7
18-Aug-16,104.7
19-Aug-16,104.75
20-Aug-16,104.7
21-Aug-16,104.73
22-Aug-16,104.73
23-Aug-16,104.85
24-Aug-16,104.85
25-Aug-16,104.8
26-Aug-16,104.85
27-Aug-16,104.8
28-Aug-16,104.85
29-Aug-16,105.71
30-Aug-16,104.79
31-Aug-16,104.815
01-Sep-16,104.795
02-Sep-16,104.415
03-Sep-16,104.42
04-Sep-16,104.725
05-Sep-16,104.725
06-Sep-16,104.35
07-Sep-16,104.57
08-Sep-16,54.35
09-Sep-16,104.305
10-Sep-16,104.3
11-Sep-16,104.31
12-Sep-16,104.3
13-Sep-16,104.3
14-Sep-16,104.3
15-Sep-16,104.31
16-Sep-16,104.635
17-Sep-16,104.63
18-Sep-16,105.18
19-Sep-16,105.18
20-Sep-16,104.56
21-Sep-16,104.65
22-Sep-16,104.745
23-Sep-16,104.8
24-Sep-16,104.8
25-Sep-16,104.715
26-Sep-16,104.715
27-Sep-16,104.85
28-Sep-16,104.75
29-Sep-16,104.71
30-Sep-16,104.65
01-Oct-16,104.65
02-Oct-16,103.87
03-Oct-16,103.87
04-Oct-16,104.5
05-Oct-16,104.5
06-Oct-16,104.65
07-Oct-16,104.55
08-Oct-16,104.7
09-Oct-16,104.065
10-Oct-16,104.615
11-Oct-16,104.55
12-Oct-16,104.56
13-Oct-16,104.56
14-Oct-16,104.6
15-Oct-16,105.09
16-Oct-16,105.09
17-Oct-16,104.75
18-Oct-16,104.75
19-Oct-16,104.7
20-Oct-16,104.78
21-Oct-16,104.8
22-Oct-16,104.83
23-Oct-16,104.83
24-Oct-16,104.77
25-Oct-16,104.93
26-Oct-16,104.735
27-Oct-16,104.855
28-Oct-16,104.735
29-Oct-16,104.085
30-Oct-16,104.085
31-Oct-16,104.8
01-Nov-16,104.75
02-Nov-16,104.85
03-Nov-16,104.8
04-Nov-16,104.8
05-Nov-16,104.365
06-Nov-16,104.365
07-Nov-16,104.8
08-Nov-16,104.6
09-Nov-16,104.65
10-Nov-16,104.7
11-Nov-16,104.71
12-Nov-16,104.865
13-Nov-16,104.865
14-Nov-16,104.735
15-Nov-16,104.8
16-Nov-16,104.76
17-Nov-16,104.81
18-Nov-16,104.8
19-Nov-16,105.16
20-Nov-16,105.16
21-Nov-16,104.785
22-Nov-16,104.8
23-Nov-16,104.85
24-Nov-16,104.68
25-Nov-16,104.83
26-Nov-16,104.75
27-Nov-16,104.75
28-Nov-16,104.85
29-Nov-16,104.85
30-Nov-16,104.8
01-Dec-16,104.85
02-Dec-16,104.82
03-Dec-16,104.64
04-Dec-16,104.64
05-Dec-16,104.85
06-Dec-16,104.85
07-Dec-16,104.81
08-Dec-16,104.805
09-Dec-16,104.805
10-Dec-16,104.915
11-Dec-16,104.915
12-Dec-16,104.7
13-Dec-16,104.8
14-Dec-16,104.825
15-Dec-16,104.85
16-Dec-16,104.75
17-Dec-16,104.79
18-Dec-16,104.79
19-Dec-16,104.85
20-Dec-16,104.85
21-Dec-16,104.8
22-Dec-16,104.8
23-Dec-16,104.8
24-Dec-16,104.85
25-Dec-16,104.85
26-Dec-16,104.79
27-Dec-16,104.83
28-Dec-16,104.87
29-Dec-16,104.775
30-Dec-16,104.375
31-Dec-16,104.73
01-Jan-17,104.73
02-Jan-17,104.4
03-Jan-17,104.795
04-Jan-17,104.865
05-Jan-17,104.665
06-Jan-17,104.85
07-Jan-17,104.8
08-Jan-17,104.8
09-Jan-17,104.78
10-Jan-17,104.78
11-Jan-17,104.89
12-Jan-17,104.72
13-Jan-17,104.85
14-Jan-17,104.85
15-Jan-17,104.85
16-Jan-17,104.75
17-Jan-17,104.85
18-Jan-17,104.86
19-Jan-17,104.8
20-Jan-17,104.8
21-Jan-17,104.85
22-Jan-17,104.185
23-Jan-17,104.8
24-Jan-17,104.8
25-Jan-17,104.8
26-Jan-17,104.825
27-Jan-17,104.885
28-Jan-17,104.775
29-Jan-17,104.755
30-Jan-17,104.7
31-Jan-17,104.805
01-Feb-17,104.75
02-Feb-17,104.85
03-Feb-17,104.75
04-Feb-17,104.235
05-Feb-17,104.235
06-Feb-17,104.74
07-Feb-17,104.8
08-Feb-17,104.85
09-Feb-17,104.75
10-Feb-17,104.8
11-Feb-17,104.76
12-Feb-17,104.76
13-Feb-17,104.755
14-Feb-17,104.825
15-Feb-17,104.8
16-Feb-17,104.85
17-Feb-17,104.8
18-Feb-17,105.095
19-Feb-17,105.095
20-Feb-17,104.77
21-Feb-17,104.85
22-Feb-17,104.85
23-Feb-17,104.85
24-Feb-17,104.825
25-Feb-17,105.295
26-Feb-17,105.295
27-Feb-17,104.825
28-Feb-17,104.825
01-Mar-17,104.825
02-Mar-17,104.825
03-Mar-17,104.815
04-Mar-17,103.985
05-Mar-17,103.985
06-Mar-17,104.8
07-Mar-17,104.825
08-Mar-17,104.7
09-Mar-17,104.8
10-Mar-17,104.825
11-Mar-17,104.17
12-Mar-17,104.17
13-Mar-17,104.825
14-Mar-17,104.8
15-Mar-17,104.8
16-Mar-17,104.85
17-Mar-17,104.75
18-Mar-17,104.8
19-Mar-17,104.8
20-Mar-17,104.825
21-Mar-17,104.85
22-Mar-17,104.7
23-Mar-17,104.7
24-Mar-17,104.815
25-Mar-17,104.88
26-Mar-17,104.88
27-Mar-17,104.8
28-Mar-17,104.825
29-Mar-17,104.835
30-Mar-17,104.835
31-Mar-17,104.83
02-Apr-17,104.85
03-Apr-17,104.835
04-Apr-17,104.835
05-Apr-17,104.835
06-Apr-17,104.825
07-Apr-17,104.825
08-Apr-17,105.2
09-Apr-17,105.2
10-Apr-17,104.835
11-Apr-17,104.835
12-Apr-17,104.835
13-Apr-17,104.845
14-Apr-17,104.75
15-Apr-17,105.1
16-Apr-17,105.1
17-Apr-17,104.845
18-Apr-17,104.845
19-Apr-17,104.845
20-Apr-17,104.845
21-Apr-17,104.825
22-Apr-17,104.58
23-Apr-17,104.58
24-Apr-17,104.825
25-Apr-17,104.825
26-Apr-17,104.825
27-Apr-17,104.6
28-Apr-17,104.755
29-Apr-17,105.16
30-Apr-17,105.16
01-May-17,104.725
02-May-17,104.8
04-May-17,104.805
05-May-17,104.805
06-May-17,104.75
07-May-17,104.75
08-May-17,104.825
09-May-17,104.825
10-May-17,104.755
11-May-17,104.695
12-May-17,104.795
13-May-17,104.775
14-May-17,104.775
15-May-17,104.795
16-May-17,104.825
17-May-17,104.8
18-May-17,104.825
20-May-17,104.405
21-May-17,104.405
22-May-17,104.825
23-May-17,104.8
24-May-17,104.78
25-May-17,104.8
26-May-17,104.835
27-May-17,104.8
28-May-17,104.8
29-May-17,104.835
30-May-17,104.835
31-May-17,104.825
01-Jun-17,104.8
02-Jun-17,104.835
03-Jun-17,104.24
04-Jun-17,104.24
05-Jun-17,104.7
06-Jun-17,104.835
07-Jun-17,104.825
08-Jun-17,104.85
09-Jun-17,104.8
10-Jun-17,104.69
11-Jun-17,104.69
12-Jun-17,104.775
13-Jun-17,104.8
14-Jun-17,104.8
15-Jun-17,104.85
16-Jun-17,104.85
17-Jun-17,104.75
18-Jun-17,104.75
19-Jun-17,104.85
20-Jun-17,104.845
21-Jun-17,104.845
22-Jun-17,104.845
23-Jun-17,104.75
24-Jun-17,104.55
25-Jun-17,104.55
26-Jun-17,104.845
27-Jun-17,104.845
28-Jun-17,104.845
29-Jun-17,104.845
30-Jun-17,104.85
01-Jul-17,104.635
02-Jul-17,104.635
03-Jul-17,104.85
04-Jul-17,104.825
05-Jul-17,108.11
06-Jul-17,105.95
07-Jul-17,105.875
08-Jul-17,105.97
09-Jul-17,105.97
10-Jul-17,105.2
11-Jul-17,105.25
12-Jul-17,105.15
13-Jul-17,105.2
14-Jul-17,105.22
15-Jul-17,104.705
16-Jul-17,104.705
17-Jul-17,105.135
18-Jul-17,105.25
19-Jul-17,105.25
20-Jul-17,105.315
21-Jul-17,105.325
22-Jul-17,105.16
23-Jul-17,105.16
24-Jul-17,105.345
25-Jul-17,105.345
26-Jul-17,105.325
27-Jul-17,105.345
28-Jul-17,105.355
29-Jul-17,104.965
30-Jul-17,104.965
31-Jul-17,105.4
01-Aug-17,105.275
02-Aug-17,105.35
03-Aug-17,105.365
04-Aug-17,105.365
05-Aug-17,106.2
06-Aug-17,106.2
07-Aug-17,105.365
08-Aug-17,103.094
09-Aug-17,103.143
10-Aug-17,103.1428
11-Aug-17,105.375
12-Aug-17,104.655
13-Aug-17,104.655
14-Aug-17,105.375
15-Aug-17,105.375
16-Aug-17,105.375
17-Aug-17,105.375
18-Aug-17,105.375
19-Aug-17,105.235
20-Aug-17,105.235
21-Aug-17,105.375
23-Aug-17,105.375
24-Aug-17,105.375
25-Aug-17,105.375
26-Aug-17,105.35
27-Aug-17,105.35
28-Aug-17,105.375
29-Aug-17,105.225
30-Aug-17,105.225
31-Aug-17,105.2
01-Sep-17,105.225
02-Sep-17,105.25
03-Sep-17,105.25
04-Sep-17,105.225
05-Sep-17,105.375
06-Sep-17,105.375
07-Sep-17,105.35
08-Sep-17,105.375
09-Sep-17,105.65
10-Sep-17,105.65
11-Sep-17,105.375
12-Sep-17,105.375
13-Sep-17,105.385
14-Sep-17,105.385
15-Sep-17,105.375
16-Sep-17,105.42
17-Sep-17,105.42
18-Sep-17,105.385
19-Sep-17,105.385
20-Sep-17,105.385
21-Sep-17,105.385
22-Sep-17,105.385
23-Sep-17,105.51
24-Sep-17,105.51
25-Sep-17,105.385
26-Sep-17,105.375
27-Sep-17,105.395
28-Sep-17,105.395
29-Sep-17,105.4
30-Sep-17,106.015
01-Oct-17,106.015
02-Oct-17,105.375
03-Oct-17,105.385
04-Oct-17,105.385
05-Oct-17,105.375
06-Oct-17,105.375
07-Oct-17,105.045
08-Oct-17,105.015
09-Oct-17,105.375
10-Oct-17,105.375
11-Oct-17,105.05
12-Oct-17,104.95
14-Oct-17,105.375
15-Oct-17,105.375
16-Oct-17,105.3975
17-Oct-17,105.375
18-Oct-17,105.375
19-Oct-17,105.375
20-Oct-17,105.375
21-Oct-17,105.35
22-Oct-17,105.35
23-Oct-17,105.405
24-Oct-17,105.405
25-Oct-17,105.405
26-Oct-17,105.35
27-Oct-17,105.405
28-Oct-17,105.52
29-Oct-17,105.52
30-Oct-17,105.395
31-Oct-17,105.3
01-Nov-17,105.2
02-Nov-17,105.2999
03-Nov-17,105.25
04-Nov-17,105.62
05-Nov-17,105.62
06-Nov-17,105.3001
07-Nov-17,105.3
08-Nov-17,105.2001
09-Nov-17,105.0501
10-Nov-17,104.95
11-Nov-17,104.82
12-Nov-17,104.82
13-Nov-17,105.35
14-Nov-17,105.3001
15-Nov-17,105.35
16-Nov-17,105.3001
17-Nov-17,105.36
18-Nov-17,105.43
19-Nov-17,105.43
20-Nov-17,105.36
21-Nov-17,105.2401
22-Nov-17,105.22
23-Nov-17,105.295
24-Nov-17,105.3151
25-Nov-17,104.64
26-Nov-17,104.64
27-Nov-17,105.2
28-Nov-17,105.2501
29-Nov-17,105.4001
30-Nov-17,105.3001
01-Dec-17,105.3001
02-Dec-17,105.405
03-Dec-17,105.405
04-Dec-17,105.45
05-Dec-17,105.3
06-Dec-17,105.45
07-Dec-17,105.37
08-Dec-17,105.975
09-Dec-17,105.725
11-Dec-17,107.45
12-Dec-17,109.5
13-Dec-17,109.5
14-Dec-17,109.7999
15-Dec-17,109.875
16-Dec-17,110.34
17-Dec-17,110.34
18-Dec-17,109.8501
19-Dec-17,109.85
20-Dec-17,110.45
21-Dec-17,110.45
22-Dec-17,110.69
23-Dec-17,110.6
24-Dec-17,110.6
25-Dec-17,110.495
26-Dec-17,110.45
27-Dec-17,110.7
28-Dec-17,110.7055
29-Dec-17,110.6999
30-Dec-17,110.54
31-Dec-17,110.54
01-Jan-18,110.54
02-Jan-18,110.432
03-Jan-18,110.7351
04-Jan-18,110.7003
05-Jan-18,110.7492
06-Jan-18,110.96
07-Jan-18,110.96
08-Jan-18,110.7499
09-Jan-18,110.75
10-Jan-18,110.7517
11-Jan-18,110.75
12-Jan-18,110.755
13-Jan-18,110.04
14-Jan-18,110.04
15-Jan-18,110.001
16-Jan-18,110.755
17-Jan-18,110.75
18-Jan-18,110.6524
19-Jan-18,110.755
20-Jan-18,111.2
21-Jan-18,111.2
22-Jan-18,110.7549
23-Jan-18,110.7501
24-Jan-18,110.55
25-Jan-18,110.574
26-Jan-18,110.55
27-Jan-18,110.55
28-Jan-18,110.55
29-Jan-18,110.76
30-Jan-18,110.76
31-Jan-18,110.95
01-Feb-18,110.55
02-Feb-18,110.57
03-Feb-18,110.55
04-Feb-18,110.55
05-Feb-18,110.56
06-Feb-18,110.834
07-Feb-18,110.76
08-Feb-18,110.65
09-Feb-18,110.7599
10-Feb-18,110.7599
11-Feb-18,110.7599
12-Feb-18,110.76
13-Feb-18,110.611
14-Feb-18,110.61
15-Feb-18,110.6
16-Feb-18,110.6001
17-Feb-18,110.6001
18-Feb-18,110.6001
19-Feb-18,111.409
20-Feb-18,110.695
21-Feb-18,110.5701
22-Feb-18,110.57
23-Feb-18,110.7101
24-Feb-18,110.87
25-Feb-18,110.87
26-Feb-18,110.765
27-Feb-18,110.55
28-Feb-18,110.62
01-Mar-18,110.6
02-Mar-18,110.76
03-Mar-18,110.65
04-Mar-18,110.65
05-Mar-18,110.75
06-Mar-18,110.75
07-Mar-18,110.6205
08-Mar-18,110.7651
09-Mar-18,110.7259
10-Mar-18,110.7259
11-Mar-18,110.7259
12-Mar-18,110.5801
13-Mar-18,110.6
14-Mar-18,110.62
15-Mar-18,110.62
16-Mar-18,110.7601
17-Mar-18,110.625
18-Mar-18,110.625
19-Mar-18,110.6
20-Mar-18,110.62
21-Mar-18,110.621
22-Mar-18,115.73
23-Mar-18,115.6
24-Mar-18,115.475
25-Mar-18,115.475
26-Mar-18,115.5999
27-Mar-18,115.6
28-Mar-18,115.55
29-Mar-18,115.5249
30-Mar-18,115.7099
01-Apr-18,115.625
02-Apr-18,115.7249
03-Apr-18,115.7249
04-Apr-18,115.725
05-Apr-18,115.6933
06-Apr-18,115.5
07-Apr-18,115.5
08-Apr-18,115.5
09-Apr-18,115.474
10-Apr-18,115.7799
11-Apr-18,115.7
12-Apr-18,115.7699
13-Apr-18,115.6013
14-Apr-18,115.6
15-Apr-18,115.6
16-Apr-18,115.7749
17-Apr-18,115.6
18-Apr-18,115.5937
19-Apr-18,115.65
20-Apr-18,115.7749
21-Apr-18,115.68
22-Apr-18,115.68
23-Apr-18,115.77
24-Apr-18,115.7697
25-Apr-18,115.7748
26-Apr-18,115.65
27-Apr-18,115.6
28-Apr-18,115.6
29-Apr-18,115.6
30-Apr-18,115.65
01-May-18,115.65
02-May-18,115.7793
03-May-18,115.7749
04-May-18,115.7749
05-May-18,115.685
06-May-18,115.685
07-May-18,115.768
08-May-18,115.6
09-May-18,115.55
10-May-18,115.6
11-May-18,115.568
12-May-18,115.55
13-May-18,115.59
14-May-18,115.5999
15-May-18,115.626
16-May-18,115.626
17-May-18,115.81
18-May-18,115.78
19-May-18,115.69
20-May-18,115.69
21-May-18,115.7749
22-May-18,115.5401
23-May-18,115.775
24-May-18,115.6
25-May-18,115.65
26-May-18,115.6
27-May-18,115.6
28-May-18,115.7751
29-May-18,115.775
30-May-18,115.775
31-May-18,115.6044
01-Jun-18,115.575
02-Jun-18,116.185
03-Jun-18,116.185
04-Jun-18,115.6
05-Jun-18,115.78
06-Jun-18,115.55
07-Jun-18,115.65
08-Jun-18,115.78
09-Jun-18,115.34
10-Jun-18,115.34
11-Jun-18,115.78
12-Jun-18,115.88
13-Jun-18,118.87
14-Jun-18,118.245
15-Jun-18,119.875
16-Jun-18,119.875
17-Jun-18,119.875
18-Jun-18,119.345
19-Jun-18,121.2999
20-Jun-18,121.5001
21-Jun-18,121.6361
22-Jun-18,121.625
23-Jun-18,121.6
24-Jun-18,121.6
25-Jun-18,121.65
26-Jun-18,121.6705
27-Jun-18,121.7299
28-Jun-18,121.7349
29-Jun-18,121.7349
30-Jun-18,121.7349
01-Jul-18,121.7349
02-Jul-18,121.7149
03-Jul-18,121.7249
04-Jul-18,121.755
05-Jul-18,121.7249
06-Jul-18,121.7249
07-Jul-18,121.23
08-Jul-18,121.23
09-Jul-18,121.74
10-Jul-18,121.64
11-Jul-18,121.73
12-Jul-18,121.755
13-Jul-18,121.71
14-Jul-18,121.55
15-Jul-18,121.55
16-Jul-18,121.55
17-Jul-18,127.9
18-Jul-18,127.85
19-Jul-18,128.55
20-Jul-18,128.45
21-Jul-18,128.315
22-Jul-18,128.315
23-Jul-18,128.265
24-Jul-18,128.27
25-Jul-18,129.14
26-Jul-18,129
27-Jul-18,129
28-Jul-18,129
29-Jul-18,129
30-Jul-18,121.59
31-Jul-18,122.66
01-Aug-18,124.06
02-Aug-18,122.925
03-Aug-18,124.15
04-Aug-18,124.1
05-Aug-18,124.1
06-Aug-18,123.04
07-Aug-18,123.1
08-Aug-18,123.21
09-Aug-18,123.95
10-Aug-18,123.975
11-Aug-18,123.95
12-Aug-18,123.95
13-Aug-18,123.95
14-Aug-18,124
15-Aug-18,122.55
16-Aug-18,123.2
17-Aug-18,123.25
18-Aug-18,123.25
19-Aug-18,123.25
20-Aug-18,122.41
21-Aug-18,122.455
22-Aug-18,122.415
23-Aug-18,122.55
24-Aug-18,122.45
25-Aug-18,122.075
26-Aug-18,122.075
27-Aug-18,123.055
28-Aug-18,123.08
29-Aug-18,123.005
30-Aug-18,123.025
31-Aug-18,122.99
01-Sep-18,122.99
02-Sep-18,122.99
03-Sep-18,123.11
04-Sep-18,123.195
05-Sep-18,123.1
06-Sep-18,123.12
07-Sep-18,123.22
08-Sep-18,123.22
09-Sep-18,123.22
10-Sep-18,123.28
11-Sep-18,123.025
12-Sep-18,123.18
13-Sep-18,123.1
14-Sep-18,123.09
15-Sep-18,123.875
16-Sep-18,123.875
17-Sep-18,123.85
18-Sep-18,123.125
19-Sep-18,123.515
20-Sep-18,123.7
21-Sep-18,123.75
22-Sep-18,123.15
23-Sep-18,123.15
24-Sep-18,123.72
25-Sep-18,123.25
26-Sep-18,123.75
27-Sep-18,123.75
28-Sep-18,123.6
29-Sep-18,123.15
30-Sep-18,123.15
01-Oct-18,123.25
02-Oct-18,123.35
03-Oct-18,123.275
04-Oct-18,123.45
05-Oct-18,123.345
06-Oct-18,122.84
07-Oct-18,122.84
08-Oct-18,122.97
09-Oct-18,122.95
10-Oct-18,133.275
11-Oct-18,131.11
12-Oct-18,130.815
13-Oct-18,133.25
14-Oct-18,133.25
15-Oct-18,133
16-Oct-18,132.88
17-Oct-18,132.95
18-Oct-18,132.97
19-Oct-18,133.345
20-Oct-18,133.345
21-Oct-18,133.345
22-Oct-18,133.625
23-Oct-18,133.55
24-Oct-18,133.625
25-Oct-18,133.46
26-Oct-18,133.51
27-Oct-18,133.51
28-Oct-18,133.51
29-Oct-18,133.25
30-Oct-18,132.5
31-Oct-18,132.625
01-Nov-18,132.75
02-Nov-18,133.68
03-Nov-18,133.35
04-Nov-18,133.35
05-Nov-18,133.66
06-Nov-18,133.69
07-Nov-18,133.61
08-Nov-18,133.62
09-Nov-18,133.5
10-Nov-18,134
11-Nov-18,134
12-Nov-18,133.85
13-Nov-18,133
14-Nov-18,134
15-Nov-18,134.25
16-Nov-18,134.44
17-Nov-18,133.375
18-Nov-18,133.375
19-Nov-18,134.42
20-Nov-18,134.25
21-Nov-18,134.42
22-Nov-18,134.425
23-Nov-18,134.42
24-Nov-18,134.485
25-Nov-18,134.485
26-Nov-18,134.42
27-Nov-18,134.46
28-Nov-18,134.16
29-Nov-18,134.25
30-Nov-18,140.25
01-Dec-18,140.2
02-Dec-18,139.565
03-Dec-18,137.65
04-Dec-18,139.1
05-Dec-18,138.55
06-Dec-18,138.55
07-Dec-18,139.11
08-Dec-18,138.75
09-Dec-18,138.75
10-Dec-18,138.75
11-Dec-18,138.975
12-Dec-18,139.85
13-Dec-18,139.1
14-Dec-18,139.05
15-Dec-18,139.1
16-Dec-18,139.1
17-Dec-18,139.125
18-Dec-18,139.2
19-Dec-18,139.905
20-Dec-18,139
21-Dec-18,139.86
22-Dec-18,139.15
23-Dec-18,139.15
24-Dec-18,139.15
25-Dec-18,139.15
26-Dec-18,139.85
27-Dec-18,139.85
28-Dec-18,139.125
29-Dec-18,139.125
30-Dec-18,139.125
31-Dec-18,139.8
01-Jan-19,139.8
02-Jan-19,139
03-Jan-19,139.125
04-Jan-19,139
05-Jan-19,139
06-Jan-19,139
07-Jan-19,139.05
08-Jan-19,139.86
09-Jan-19,139.88
10-Jan-19,139.86
11-Jan-19,139.875
12-Jan-19,139.875
13-Jan-19,139.875
14-Jan-19,138.95
15-Jan-19,138.95
16-Jan-19,139.05
17-Jan-19,139.88
18-Jan-19,139.88
19-Jan-19,139.2
20-Jan-19,139.2
21-Jan-19,139.92
22-Jan-19,139.875
23-Jan-19,139.86
24-Jan-19,139.875
25-Jan-19,139.875
26-Jan-19,139.215
27-Jan-19,139.215
28-Jan-19,139.125
29-Jan-19,139.2
30-Jan-19,139.735
31-Jan-19,138.55
01-Feb-19,138.5
02-Feb-19,138.45
03-Feb-19,138.45
04-Feb-19,138.625
05-Feb-19,138.75
06-Feb-19,138.75
07-Feb-19,138.75
08-Feb-19,138.8
09-Feb-19,139.65
10-Feb-19,139.65
11-Feb-19,139.125
12-Feb-19,139.8
13-Feb-19,139.2
14-Feb-19,139.9
15-Feb-19,139.9
16-Feb-19,139.15
17-Feb-19,139.15
18-Feb-19,139.65
19-Feb-19,138.55
20-Feb-19,139.2
21-Feb-19,139.15
22-Feb-19,139.73
23-Feb-19,139.69
25-Feb-19,138.725
26-Feb-19,139.83
27-Feb-19,139.125
28-Feb-19,139.1
01-Mar-19,139.7
02-Mar-19,138.625
03-Mar-19,138.625
04-Mar-19,139
05-Mar-19,139.8
06-Mar-19,139.05
07-Mar-19,139.1
08-Mar-19,139.75
09-Mar-19,139.75
10-Mar-19,139.445
11-Mar-19,139.735
12-Mar-19,139.3
13-Mar-19,139.275
14-Mar-19,139.86
15-Mar-19,139.86
16-Mar-19,139.25
17-Mar-19,139.25
18-Mar-19,140.08
19-Mar-19,140.11
20-Mar-19,140.14
21-Mar-19,140.175
22-Mar-19,140.24
23-Mar-19,139.65
24-Mar-19,139.985
25-Mar-19,140.59
26-Mar-19,140.59
27-Mar-19,140.57
28-Mar-19,140.57
29-Mar-19,140.81
30-Mar-19,140.825
31-Mar-19,140.825
01-Apr-19,140.84
02-Apr-19,140.31
03-Apr-19,141.65
04-Apr-19,141.57
05-Apr-19,141.44
07-Apr-19,141.44
08-Apr-19,141.59
09-Apr-19,141.625
10-Apr-19,141.625
11-Apr-19,141.64
12-Apr-19,141.35
13-Apr-19,142.14
14-Apr-19,141.595
15-Apr-19,141.66
16-Apr-19,141.66
17-Apr-19,141.65
18-Apr-19,141.65
19-Apr-19,141.67
20-Apr-19,141.6
21-Apr-19,141.6
22-Apr-19,141.6
23-Apr-19,141.66
24-Apr-19,141.59
25-Apr-19,141.625
26-Apr-19,141.65
27-Apr-19,141.29
28-Apr-19,141.29
29-Apr-19,141.625
30-Apr-19,141.59
01-May-19,141.64
02-May-19,141.5
03-May-19,141.45
04-May-19,141.45
05-May-19,141.45
06-May-19,141.5
07-May-19,141.49
08-May-19,141.59
09-May-19,141.625
10-May-19,141.625
11-May-19,141.625
12-May-19,141.625
13-May-19,141.625
14-May-19,141.675
15-May-19,141.63
16-May-19,145.875
17-May-19,148.25
18-May-19,148.2
19-May-19,148.2
20-May-19,146.77
21-May-19,152.24
22-May-19,152.375
23-May-19,151.875
24-May-19,151.75
25-May-19,151.465
26-May-19,151.465
27-May-19,150.875
28-May-19,151.49
29-May-19,150.76
30-May-19,150.77
31-May-19,146.86
01-Jun-19,146.875
02-Jun-19,146.16
03-Jun-19,146.85
04-Jun-19,148.25
05-Jun-19,151.21
06-Jun-19,146.95
07-Jun-19,149.54
08-Jun-19,149.54
09-Jun-19,149.54
10-Jun-19,151.25
11-Jun-19,151.9
12-Jun-19,151.9
13-Jun-19,153.125
14-Jun-19,156
15-Jun-19,156.37
16-Jun-19,156.37
17-Jun-19,157.125
18-Jun-19,157
19-Jun-19,157.125
20-Jun-19,157.125
21-Jun-19,157.14
22-Jun-19,157.14
23-Jun-19,157.14
24-Jun-19,157.25
25-Jun-19,157.35
26-Jun-19,156.9
27-Jun-19,163.5
28-Jun-19,158.65
29-Jun-19,163
30-Jun-19,163
01-Jul-19,162.76
02-Jul-19,158.43
03-Jul-19,163.125
04-Jul-19,157.925
05-Jul-19,158
06-Jul-19,156.9
07-Jul-19,156.9
08-Jul-19,158
09-Jul-19,158
10-Jul-19,158
11-Jul-19,158
12-Jul-19,158
13-Jul-19,158
14-Jul-19,158
15-Jul-19,159.52
16-Jul-19,159.52
17-Jul-19,159.625
18-Jul-19,159.74
19-Jul-19,159.94
20-Jul-19,160.025
21-Jul-19,160.025
22-Jul-19,159.68
23-Jul-19,159.91
24-Jul-19,160.99
25-Jul-19,160.9
26-Jul-19,161.01
27-Jul-19,161
28-Jul-19,161
29-Jul-19,161.125
30-Jul-19,160.625
31-Jul-19,160.57
01-Aug-19,160.5
02-Aug-19,158.21
03-Aug-19,159.55
04-Aug-19,159.55
05-Aug-19,160.25
06-Aug-19,160.25
07-Aug-19,159.75
08-Aug-19,159.875
09-Aug-19,157.5
10-Aug-19,157.95
11-Aug-19,157.95
12-Aug-19,160.25
13-Aug-19,160.25
14-Aug-19,160.25
15-Aug-19,160.25
16-Aug-19,159.765
18-Aug-19,159.765
19-Aug-19,159.955
20-Aug-19,160.15
21-Aug-19,160.15
22-Aug-19,160.09
23-Aug-19,156.6
24-Aug-19,157.015
25-Aug-19,157.015
26-Aug-19,157.55
27-Aug-19,159.5
28-Aug-19,158.75
29-Aug-19,156.99
30-Aug-19,157.5
31-Aug-19,157.5
01-Sep-19,157.5
02-Sep-19,156.75
03-Sep-19,156.75
04-Sep-19,156.75
05-Sep-19,156.7
06-Sep-19,156.225
07-Sep-19,155.51
08-Sep-19,155.51
09-Sep-19,156.75
10-Sep-19,156.5
11-Sep-19,156.5
12-Sep-19,156.45
13-Sep-19,156.65
14-Sep-19,156.65
15-Sep-19,156.65
16-Sep-19,156.1
